{"gen": 0, "time": 209.13048672676086, "meanReward": -127158.8708887147}{"gen": 0, "time": 341.44846534729004, "meanReward": -126950.62388177497}